INSERT INTO TblIl VALUES ('Ankara')
INSERT INTO TblIl VALUES ('Ýstanbul')
INSERT INTO TblIl VALUES ('Antalya')
INSERT INTO TblIl VALUES ('Muðla')
INSERT INTO TblIl VALUES ('Ýzmir')
INSERT INTO TblIl VALUES ('Sakarya')
INSERT INTO TblIl VALUES ('Bursa')
INSERT INTO TblIl VALUES ('Adana')
INSERT INTO TblIl VALUES ('Trabzon')
INSERT INTO TblIl VALUES ('Yalova')


INSERT INTO TblIlce VALUES ('Merkez')
INSERT INTO TblIlce VALUES ('Çýnarcýk')
INSERT INTO TblIlce VALUES ('Termal')
INSERT INTO TblIlce VALUES ('Çiftlik Köy')
INSERT INTO TblIlce VALUES ('Baðcýlar')
INSERT INTO TblIlce VALUES ('Yenikapý')
INSERT INTO TblIlce VALUES ('Kirazlý')
INSERT INTO TblIlce VALUES ('Baþakþehir')
INSERT INTO TblIlce VALUES ('Pendik')
INSERT INTO TblIlce VALUES ('Zeytinburnu')
INSERT INTO TblIlce VALUES ('Kýzýlay')
INSERT INTO TblIlce VALUES ('Bahçeli')
INSERT INTO TblIlce VALUES ('Bilkent')
INSERT INTO TblIlce VALUES ('Çay yolu')
INSERT INTO TblIlce VALUES ('Koru')


INSERT INTO TblMahalle VALUES ('Adnan Menderes Mahallesi')
INSERT INTO TblMahalle VALUES ('Baðlarbaþý Mahallesi')
INSERT INTO TblMahalle VALUES ('Bahçelievler Mahallesi')
INSERT INTO TblMahalle VALUES ('Bayraktepe Mahallesi')
INSERT INTO TblMahalle VALUES ('Dere Mahallesi')
INSERT INTO TblMahalle VALUES ('Fevzi Çakmak Mahallesi')
INSERT INTO TblMahalle VALUES ('Gazi Osman Paþa Mahallesi')
INSERT INTO TblMahalle VALUES ('Ýsmet Paþa Mahallesi')
INSERT INTO TblMahalle VALUES ('Merkez Mahallesi')
INSERT INTO TblMahalle VALUES ('Süleyman Bey Mahallesi')


INSERT INTO TblSokak VALUES ('Yalý Caddesi')
INSERT INTO TblSokak VALUES ('Yalova Ýzmit Yolu')
INSERT INTO TblSokak VALUES ('Bað Sokak')
INSERT INTO TblSokak VALUES ('Cengiz Koçal Caddesi')
INSERT INTO TblSokak VALUES ('Fatih Caddesi')
INSERT INTO TblSokak VALUES ('Kumlu Sokak')
INSERT INTO TblSokak VALUES ('Þener Sokak')
INSERT INTO TblSokak VALUES ('Vatan Caddeti')
INSERT INTO TblSokak VALUES ('Radar sokak')
INSERT INTO TblSokak VALUES ('Selami sokak')

INSERT INTO TblDurak VALUES ('Kirazlý Duraðý',15000,15000,2,7,2,4)
INSERT INTO TblDurak VALUES ('Baþakþehir Duraðý',13000,13500,2,8,5,7)
INSERT INTO TblDurak VALUES ('Yenikapý Duraðý',12500,12500,1,6,4,8)
INSERT INTO TblDurak VALUES ('Baðcýlar Duraðý',11000,11500,1,5,2,3)
INSERT INTO TblDurak VALUES ('Zeytinburnu Duraðý',9250,8500,2,10,6,9)
INSERT INTO TblDurak VALUES ('STAR AVM Duraðý',2500,1500,10,1,7,5)
INSERT INTO TblDurak VALUES ('Merkez Duraðý',2250,1400,10,1,3,1)
INSERT INTO TblDurak VALUES ('Universite Duraðý',2000,1250,10,1,1,3)
INSERT INTO TblDurak VALUES ('Altýnova Duraðý',1750,1000,10,1,10,8)
INSERT INTO TblDurak VALUES ('HASTANE Duraðý',1500,750,10,1,8,10)


INSERT INTO TblKart VALUES (80)
INSERT INTO TblKart VALUES (160)
INSERT INTO TblKart VALUES (100)
INSERT INTO TblKart VALUES (0)
INSERT INTO TblKart VALUES (0)
INSERT INTO TblKart VALUES (0)


INSERT INTO TblKartTuru VALUES ('Öðrenci Kart',1)
INSERT INTO TblKartTuru VALUES ('Tam Kart',2)
INSERT INTO TblKartTuru VALUES ('Ýndirimli',3)
INSERT INTO TblKartTuru VALUES ('65 Yaþ Üstü',4)
INSERT INTO TblKartTuru VALUES ('Personel',5)
INSERT INTO TblKartTuru VALUES ('Engelli',6)


INSERT INTO TblGuzergah VALUES ('M5D','Kirazlý-Yenikapý',20,1)
INSERT INTO TblGuzergah VALUES ('8A','Yenikapý-Otogar',25,3)
INSERT INTO TblGuzergah VALUES ('10T','Baþakþehir-Kirazlý',35,2)
INSERT INTO TblGuzergah VALUES ('20K','Yenikapý-Taksim',15,3)
INSERT INTO TblGuzergah VALUES ('M1B','Yenikapý-Marmaray',40,3)
INSERT INTO TblGuzergah VALUES ('IDO M1','Pendik-Yalova',25,6)
INSERT INTO TblGuzergah VALUES ('M3','STAR AVM - HASTANE',15,6)
INSERT INTO TblGuzergah VALUES ('M4','Universite - Ciftlikköy',30,8)
INSERT INTO TblGuzergah VALUES ('M5','Altýnova - Merkez',40,9)


INSERT INTO TblPersonel VALUES ('Oðuzhan','Öztürk',10000,'Makinist','Ýstanbul')
INSERT INTO TblPersonel VALUES ('Emirhan','Tavus',9000,'Þöför','Yalova')
INSERT INTO TblPersonel VALUES ('Ahmet','Gözüpek',9000,'Þöför','Yalova')
INSERT INTO TblPersonel VALUES ('Karaca','Ahmet',9000,'Þöför','Yalova')
INSERT INTO TblPersonel VALUES ('Tuna','Parlak',10000,'Makinist','Ankara')
INSERT INTO TblPersonel VALUES ('Sami','Özcan',10000,'Makinist','Ankara')
INSERT INTO TblPersonel VALUES ('Akif','Demirbaþ',10000,'Makinist','Ankara')
INSERT INTO TblPersonel VALUES ('Selami','Aydýn',10000,'Makinist','Ýstanbul')
INSERT INTO TblPersonel VALUES ('Ali','Koç',10000,'Makinist','Ýstanbul')
INSERT INTO TblPersonel VALUES ('Batuhan','Alataþ',10000,'Þöför','Yalova')
INSERT INTO TblPersonel VALUES ('Kaan','Akçay',9000,'Makinist','Ýstanbul')
INSERT INTO TblPersonel VALUES ('Furkan','Yýldýrým',20000,'Kaptan','Ýstanbul')


INSERT INTO TblTasitTuru VALUES ('Metro')
INSERT INTO TblTasitTuru VALUES ('Tramvay')
INSERT INTO TblTasitTuru VALUES ('Otobüs')
INSERT INTO TblTasitTuru VALUES ('Metrobüs')
INSERT INTO TblTasitTuru VALUES ('Vapur')


INSERT INTO TblTasit VALUES('M1',17000,17000,400,1,1)
INSERT INTO TblTasit VALUES('O1',14000,13000,50,2,3)
INSERT INTO TblTasit VALUES('O2',12000,11000,60,3,4)
INSERT INTO TblTasit VALUES('O3',19000,17000,50,4,3)
INSERT INTO TblTasit VALUES('T1',15000,15000,350,5,2)
INSERT INTO TblTasit VALUES('M1',12000,13000,400,6,1) 
INSERT INTO TblTasit VALUES('M2',9000,12000,400,7,1)
INSERT INTO TblTasit VALUES('T2',16000,16500,350,8,1) 
INSERT INTO TblTasit VALUES('O4',14000,12000,60,9,4)
INSERT INTO TblTasit VALUES('IDO A1',30000,35000,500,12,5)


INSERT INTO TblSefer VALUES ('08:20:00','09:20:00',200, 1, 5 ,1) 
INSERT INTO TblSefer VALUES ('12:00:00','14:00:00',30, 2, 3 ,2) 
INSERT INTO TblSefer VALUES ('12:20:00','14:00:00',50, 3, 1 ,3)
INSERT INTO TblSefer VALUES ('20:40:00','22:00:00',20, 4, 2 ,4)
INSERT INTO TblSefer VALUES ('14:20:00','15:00:00',150, 5, 6 ,5) 
INSERT INTO TblSefer VALUES ('16:40:00','18:30:00',300, 6, 5 ,6)
INSERT INTO TblSefer VALUES ('18:20:00','19:40:00',250, 7, 7  ,7)
INSERT INTO TblSefer VALUES ('18:00:00','18:40:00',120, 8 , 4 ,8)
INSERT INTO TblSefer VALUES ('14:30:00','16:00:00',40, 9 , 9 ,9)
INSERT INTO TblSefer VALUES ('22:30:00','23:50:00',50, 10 , 2 ,12)


INSERT INTO TblSiraIcerir VALUES(7,6,1)
INSERT INTO TblSiraIcerir VALUES(7,8,2)
INSERT INTO TblSiraIcerir VALUES(7,9,3)
INSERT INTO TblSiraIcerir VALUES(1,1,4)
INSERT INTO TblSiraIcerir VALUES(2,3,5)


INSERT INTO TblVarisIcerir VALUES(7,7)
INSERT INTO TblVarisIcerir VALUES(7,8)
INSERT INTO TblVarisIcerir VALUES(7,9)
INSERT INTO TblVarisIcerir VALUES(1,1)
INSERT INTO TblVarisIcerir VALUES(2,3)

INSERT INTO TblKalkisIcerir VALUES(7,6)
INSERT INTO TblKalkisIcerir VALUES(7,7)
INSERT INTO TblKalkisIcerir VALUES(7,8)
INSERT INTO TblKalkisIcerir VALUES(1,2)
INSERT INTO TblKalkisIcerir VALUES(2,2)

INSERT INTO TblGunIcerir VALUES(7,2,3)
INSERT INTO TblGunIcerir VALUES(8,2,3)
INSERT INTO TblGunIcerir VALUES(9,2,3)
INSERT INTO TblGunIcerir VALUES(1,2,3)
INSERT INTO TblGunIcerir VALUES(2,2,3)

INSERT INTO TblTarihIcerir VALUES(7,2,3)
INSERT INTO TblTarihIcerir VALUES(8,2,3)
INSERT INTO TblTarihIcerir VALUES(9,2,3)
INSERT INTO TblTarihIcerir VALUES(1,2,3)
INSERT INTO TblTarihIcerir VALUES(2,2,3)


INSERT INTO Gise VALUES(100,1)
INSERT INTO Gise VALUES(200,2)
INSERT INTO Gise VALUES(300,3)
INSERT INTO Gise VALUES(400,4)
INSERT INTO Gise VALUES(500,5)